{"file_hashes":[{"block_hashes":["8dbID70b8cvfdkipG8dYzEbyeE+3H2UZ3aynI7CTKK8=","Y5/gH8xCex8f9h6Qi0OpBW9l6dZm6GPkZ3ao/3sBFBk=","7bHHGOJtrNE8VWAx4iwh99Jv1/W91n//Qw5NwGenxBE=","Iqdhy/YYnnx3in96kYghZWNlsxnYXXwtf2tYJzGOojA=","wvm3k0DZATHW8hglp0Vq580Iw3h6NK27L/0fsMjaSN0=","+qH3MxfWWu2p72P+iT/WScvplXL1NJdmvVx1e0Rqfas=","HSB7EVfzz0zSQpW5FyYuGIU/376Sjr2De4jqoTWclDY=","En7uDfa8tv/qthx45vcY+xk+DzUtJ0d7xfYpz8of8ug=","/+3mV4QCQUVBvaNADKNCH83DaIQZ0yEhmdVRwREy6g0=","UsgQ60IaSVujpyB0+vSc1ZAR8jbgm2rSREXnOJAGs4c=","wDsJ9IIrAOYx60CrNCxkHcyjiz4udH2bHgq4Uf/w17k="],"block_size":4096,"path":"build/bluePrismPlugin.js"},{"block_hashes":["BJCrM+VfiHGbHZkzy6WBqY8//ZUbuxBcO8/GjPZdOAE=","tvBPcqzez6D9sI5yUhzF/UVrJhw14ffwHqgfF5gFpqE=","FeE9Kq1ic59NnTDhcWE5hTxfTHKHHk5ov/83H7RqAS4=","vkWKQO5plu9cONoaZZ7LQC+htXNbI9Gd6fplMBQVpsQ="],"block_size":4096,"path":"build/bluePrismServiceWorker.js"},{"block_hashes":["6DyUqIclcVY99jsi/nOuAf/e5LgmIVASlsWXrPiex14="],"block_size":4096,"path":"build/extensionOptions/options.css"},{"block_hashes":["C8FQi2A9ki3kN9ezvBjcRMaBDqzgnODGKfXKBfh0BvA=","O3s933tNZHcn+VCQBiQaywG89w/q5isfoO1u7gw6Wrg="],"block_size":4096,"path":"build/extensionOptions/Options.html"},{"block_hashes":["cxVyBBV+Gai4YzM8oZ/ykbELWMfEtjKRz+m5zGAnOio="],"block_size":4096,"path":"build/getHtmlSource.js"},{"block_hashes":["eCXmARTY5e4JrgYdalvPuhiT/2SxxBIxLxnVSWcvjKg="],"block_size":4096,"path":"build/optionsHandler.js"},{"block_hashes":["bU09RttIDXqEIybYmkzAVB5axKEF0OKAP96NjLd0xRc=","wUuBfVNOj4p4N3EMhGMAwRD7hDFORcq4YGPVa/IUnD0=","qo5usOZZrEJkPCjm5VaW0lH9Gd/ZvB1dEhz1tqQIfEQ="],"block_size":4096,"path":"crypto-js/aes.js"},{"block_hashes":["2FvkAPcwbcx1XeSqZUB8bT/M8YxhjTuYNGhy9IX1dSE="],"block_size":4096,"path":"crypto-js/bower.json"},{"block_hashes":["bd3biKNrZsOdh1LZhHl/jW94E5AkmFiN/mZHiDgc+/0=","6mxtCaA8zGosjTbBcmq1urZ1YUFsgK5JUAlVSZX2seg=","2L8up1VJsqP4Qfw+3/0DR24bbNaEOvwU9iyOP1Tm2hU=","nC1dhcK+b7mjEjA7QnJulTQ3rP+pHNZA1bSmoi8s9hc=","6PqSVirR70Q+Mo9WzKTLGEnltN/+FR1mlwXR3WptFIc=","wxGC3woKkc/oOVeE4IUmb6gjelvKU7H71FqXNcdFk4w=","US3bqhuG5nohPx9/NWJDEfIyDX2hn47clHu71m2ONoo=","MQqcBErcYTjMo5EH7jzNxvFZOfsojSvNHmeeU40KSAA="],"block_size":4096,"path":"crypto-js/cipher-core.js"},{"block_hashes":["V/wCkNwsavNqUY578EUiw0sG0oasBFnkvj4hugnJQ/Y="],"block_size":4096,"path":"crypto-js/CONTRIBUTING.md"},{"block_hashes":["zB50aBwAid8SuAmDhVbE7W/nVhD69O4smM0NWmWjGoY=","Qn/shhGyQpmZwM8je/ZTNaw5o4KQCsl8fmBI2EwUVjM=","9iGSEYajnkqmF9C21+B9i/rq1gQO9gBXAN3hxQZiMMg=","nOw1AkrWGLLAFsblqHEqnAVgHuh/VJ/dDqkExm+HDMo=","vIG7IKuY2UNliGgDTViuU9zttfDFDZ8Qzqj93Ded1Uc=","70xQjFOJ+v4YdR0r3YDwoAT+gvI2lPuumKFbJFgyM3I="],"block_size":4096,"path":"crypto-js/core.js"},{"block_hashes":["zB50aBwAid8SuAmDhVbE7W/nVhD69O4smM0NWmWjGoY=","Qn/shhGyQpmZwM8je/ZTNaw5o4KQCsl8fmBI2EwUVjM=","9iGSEYajnkqmF9C21+B9i/rq1gQO9gBXAN3hxQZiMMg=","nOw1AkrWGLLAFsblqHEqnAVgHuh/VJ/dDqkExm+HDMo=","vIG7IKuY2UNliGgDTViuU9zttfDFDZ8Qzqj93Ded1Uc=","dWpe1FkZ3ZyZrIO+yXogVrWi1NLPMJsL25nqw9PA6Dk=","ZyKg/Bvq7iZjBKsZg71hdR4i6ainj7OzQn56i2OA3PU=","GIeuw9f5iCWbyraMNAl9t6cfS83JCW5m1L0XZObSZg8=","aREgcHxjusc453mIcuhujLVCxQai1YdjnlglMT/LSwk=","8v0HCtwh+grDurqjcZZfzn5mOYM10u2kzAYbUixNfMM=","3JC2ZTPB/wANLtk0fQscrGMGcWENgZG/514VlBk4V0E=","x/KHU8jtVwIE3p1G8+NctUv0UPetpln01EquO2hKJzo=","ZYIGQFyZ9BaA7dHlYjGYILa4q2jGKzwgMAeDBveXaY4=","XRBklXRHUOv81wQfiP2zDK3tqiEdRSBV2tZ3WiUAkMw=","chEibARjzzKCl80C6GMU8BuLB30kt6zACO9TZgw5LCY=","24U6OLbTRAOVCm+4uGu+Aqiz5J9F26KjaunNNIE2o2s=","7MW55dXNZUQH6GcnNbPcj3VTMIFIjsnQJzMMzESCdWw=","eiXKeErLKmiqr1UvuZ1OgYTVK39713+1HK1rYGLEC/Y=","C8Vq4RC9BAK3yBDLUglPgJsC/IyjIYlYrwicjAxyVpU=","dlTMXrs4R114K9odhr3vlDpDQi6jeOsaXOWILnRuEfw=","YdtreL5xU7npeFH6bVEPPB0jK+s9Yh3Hpgasgjl+lWw=","EQbIgljFMGtohuauKHw+cWN/O3PMdQhjORpTkl1EEFY=","99Q7NzAjOs89WB4wEjZqsXJae4BrS7cgDoxBkDIoCFE=","ObhSI/nwDB3pcX6iMeBdg+7uCzZ4lpJP+npvEY9KvM4=","9Fa3UpQmybDWx3THwEqAu7E//azrsuprJF1I+a2PsD4=","S2UoXc3fx4RC+Mvn49baVV9Fb6HXJuODepgZdaUdKMk=","+QrAyR1pVv0bvBD5b+km8D1Q1sS1zBdWYCNa3eAC7Lk=","Z2bxIGM63+DaRh2VXB+XtdbToplOsxOHzQJzG5FQ14U=","KavVo4D+ZZPnmp0d5bbg4yjEl3Wa2fZYE1V3AGFJQvw=","bDQr7Vj0XinOOJyRO6DjIr62dPZcVCfpm0rX++9e3SE=","Ju/Cumk6gDEgmPeSf6c7DxS9iKjAQv8doWErFmv/Ju8=","7TpWsGrohkR6q84t8URgwkr+fWBfBIxLXYNO+PST33o=","bWPlmLTgD3pbNxC90FIshzX+ImcGQ1oOf4zOlh9pHy4=","WZ+d+MBodJ+eojf6JZeRTss7IM5yz3VANUyj9LEf9RE=","JIZaVQd3grpm6LElHzsQYyI1UBYEXQx/UNiWh7pi+5w=","S7Rehg0h63dYAYbMXNn/q2pRqH8mAkyOScu2v/Rkt1k=","qM8cEGT1NIXZKHNaOFkF61CnquwNooGuqU89L2mQXj4=","1VgJWFn2o1RFgbytShBn+piR/6VJlCbW4zF11etf0HI=","hWhOOdfW9K8KVCft4DOzcGxMGzXTYNkwszpZEO79GPU=","xbMElWQAD3WpaejEXAr6K1ZyJGImk53XPWWg35XjLv0=","9dwgeFbjVeQqa4MkUHRcFvElFgN8cal+VKa5aC1Twgk=","f2Mqfu4itWEZC9nvUdVVhTD8KchqFUz80tuIayhblSg=","Jov37lJR92V1UTozoZ29TFG2y9KugtZ33gvVPU7G32s=","yc/vgME4Ei4dF5AIZ4Bz60/XYUAQwIdW3e+o0WphqLA=","V+Q9jq2ZKaOwHQYlHdJzlo6zG9to7zXGoNwHK4yZGVo=","3RW0V2MR32StfUn2DUTrYmpdU9FxkLNmgEt98oIt+Dw=","F1YbS8+g8wQLHGC7UicELwZZapkW7AkjwrVXsusLwBU=","CLePAkQM5uCvPuJGOydfKvfN5GjQgbcscmLhW/+CGC8="],"block_size":4096,"path":"crypto-js/crypto-js.js"},{"block_hashes":["hLadFiVHQXnVViKoMzw6rDdt2Lx33nsGwhaVdiy2nKs="],"block_size":4096,"path":"crypto-js/enc-base64.js"},{"block_hashes":["x9rZkxJQkhwkUIuplJq7gYdFs4iR2kRpM1kkmxHtFD0="],"block_size":4096,"path":"crypto-js/enc-hex.js"},{"block_hashes":["JN/uLMUewEgarR9ikzvQrhI4w0xbDnOusXKQJ8kToms="],"block_size":4096,"path":"crypto-js/enc-latin1.js"},{"block_hashes":["w1M5kAtF+nAcOQySQAmpUnC0tNkbQn5AmE8RfC9+xn0="],"block_size":4096,"path":"crypto-js/enc-utf16.js"},{"block_hashes":["jH5E3C1Jsg/XikSCf6lioopeIuCt/gNqoP3Px624mYQ="],"block_size":4096,"path":"crypto-js/enc-utf8.js"},{"block_hashes":["A6jsANsQWzuBOQJADtZRadEuzTgvoTQC/WLFXiUcqsw="],"block_size":4096,"path":"crypto-js/evpkdf.js"},{"block_hashes":["BAopGL7Iy4ugpjA/o8G7/YmbyGRGQ+isST48CKDAkJc="],"block_size":4096,"path":"crypto-js/format-hex.js"},{"block_hashes":["H/qGhi5mtsD/81y5aHXpenk6r4bKdJspOBy8Z6CHe7o="],"block_size":4096,"path":"crypto-js/format-openssl.js"},{"block_hashes":["0wcgFOtBhtAuM1xRGzzG4WOlz+uqjErhNjSvJIhweOY="],"block_size":4096,"path":"crypto-js/hmac-md5.js"},{"block_hashes":["KOK9yxQ4QOTgHv8xKnKOD2UtfcsNG73Oqwv0j/XK6Kw="],"block_size":4096,"path":"crypto-js/hmac-ripemd160.js"},{"block_hashes":["4QSstzebg0vZJJ48/LIZasv5CiK7EJR/6yofvjDe0QU="],"block_size":4096,"path":"crypto-js/hmac-sha1.js"},{"block_hashes":["NSCOHkYx/1+b2DIg2/vvYykOuT6RQFWzVYP78Z63ZpM="],"block_size":4096,"path":"crypto-js/hmac-sha224.js"},{"block_hashes":["EdJsEfhYt0vw8QbHTdtXmhEtPnMh/WhDZad7oqel3/w="],"block_size":4096,"path":"crypto-js/hmac-sha256.js"},{"block_hashes":["vGPDZ0FBb7Vfu+PHxKeLXgVtm5AqRxuxa29Wcvu6y/g="],"block_size":4096,"path":"crypto-js/hmac-sha3.js"},{"block_hashes":["k0lLkYsut5zRvmYUWkETesDWVzntbLngT4K/HXzccBk="],"block_size":4096,"path":"crypto-js/hmac-sha384.js"},{"block_hashes":["bCtZrF4nCZmGso0y5CXtPWWkYhwcZRLQPUCzNsboii0="],"block_size":4096,"path":"crypto-js/hmac-sha512.js"},{"block_hashes":["yJ+PCK4GmQ7bwHY81GhT0Wxw6vUT3oWSsf+3SirS99o="],"block_size":4096,"path":"crypto-js/hmac.js"},{"block_hashes":["n49R6n3ssbUZ/tVs3nbIm19mVl6D/1bqLbirhVzm5bs="],"block_size":4096,"path":"crypto-js/index.js"},{"block_hashes":["pYdfKH5sxt6gq2QCTbMngyKafbVfdN7M9lZpc7vXbsk="],"block_size":4096,"path":"crypto-js/lib-typedarrays.js"},{"block_hashes":["9ynRS34b+K3KDcw4uTuSnRTVP81dtWw9HJstqnqmk5Y="],"block_size":4096,"path":"crypto-js/LICENSE"},{"block_hashes":["iw8gR+N8Fntr3naNnXVOcgqjMl8Mqaieqj5pw1VIPJc=","a7tQGZOuUf19dqiq9w5QdYq33OdFQyiKm9kTWE5V2Zo=","oqT37aHwhiLXMrGXQJ7IEhXGaO4YdS3cxMXerUsG8fg="],"block_size":4096,"path":"crypto-js/md5.js"},{"block_hashes":["o2JreP5T19MvvK6uuSdQ2zBehOLMuE5h1zWsek3HNFw="],"block_size":4096,"path":"crypto-js/mode-cfb.js"},{"block_hashes":["/NYWaYFDXMAb39L7j54nc6z7FEq4xH4McUc9m97nVbA="],"block_size":4096,"path":"crypto-js/mode-ctr-gladman.js"},{"block_hashes":["nmcWH2GSKkdbFCsuGMtEcO14YO9hvG56QfMn96Wb6W8="],"block_size":4096,"path":"crypto-js/mode-ctr.js"},{"block_hashes":["T1Yzc7pK9ELhtCW3t90QMO2Eubq+mCGUmSLZZ3vxRwE="],"block_size":4096,"path":"crypto-js/mode-ecb.js"},{"block_hashes":["tJB3v0v16PLLst4OLUjE2UGj/rorx8Ypq9Uf4qyL2y8="],"block_size":4096,"path":"crypto-js/mode-ofb.js"},{"block_hashes":["xTobCyIwxHQ4yJBmTaiYJEEtDO1bCiN0OevKuW9RDi0="],"block_size":4096,"path":"crypto-js/package.json"},{"block_hashes":["fZULxC8mIVmieG7qMNEVOj0Lypqrms28wamBqNKFTvc="],"block_size":4096,"path":"crypto-js/pad-ansix923.js"},{"block_hashes":["02lTBOjnoAHMbhuE1LWKvUKd1+PwlRTCYLzTEio6poU="],"block_size":4096,"path":"crypto-js/pad-iso10126.js"},{"block_hashes":["9/cXm4vqW2708IkfI7Vj24qlMDdnlc2Z74SULPxi0yg="],"block_size":4096,"path":"crypto-js/pad-iso97971.js"},{"block_hashes":["pyLR8UhrgHs0B27DJ36jpl8hg32y2fdutdqn3jEkeaY="],"block_size":4096,"path":"crypto-js/pad-nopadding.js"},{"block_hashes":["mjyQnow7ZgS/16SKPH5hUEKSdE2JS84SZrRGkbhXwbw="],"block_size":4096,"path":"crypto-js/pad-pkcs7.js"},{"block_hashes":["2Z54GYXoF9p8avMNlXxFQZsafhdr9SFgQk67v5cN+QY="],"block_size":4096,"path":"crypto-js/pad-zeropadding.js"},{"block_hashes":["0hyfRRo2+0LrRKRav7EVlm7xJFI6Rm9eqS4RiuS0gTk=","eqEZqIVsB9aygmByv1HcGvOMZktlvXgUg/Y6mmC5Lp0="],"block_size":4096,"path":"crypto-js/pbkdf2.js"},{"block_hashes":["qpwDB+AmiDyUQAcZ9LysMSNXG3xJmKvAL8gpum/N4Gk=","JGV1KD7Pca+pzgbZsV5IMAv+emFbmIngNvjqkWVaS14="],"block_size":4096,"path":"crypto-js/rabbit-legacy.js"},{"block_hashes":["GkP6L3tlzO8kvcUcsFceK9ZS3INr6daIrwlFVuQXyTk=","M/asFht1XoIWItY072B97Jh8wWCGWkWZmYCX3rj0iu0="],"block_size":4096,"path":"crypto-js/rabbit.js"},{"block_hashes":["Vx7KBcBVomxyn3V/g7n4SZaK4NwLqYcOW+lSYBnFOjM="],"block_size":4096,"path":"crypto-js/rc4.js"},{"block_hashes":["JTynA29XSv8Slc48AUXkPBSOpfWO0oiQZbaoW1RqT9k=","zvxZYtOGtf6dBuEorsSWUxGgl+7km5MkyCnD+LUVwGA="],"block_size":4096,"path":"crypto-js/README.md"},{"block_hashes":["cgySOUYx/I+On/MJgbYoXEh7b9R5IxLaFA1vgDWl0xw=","hRwEzV4QdOMmMTDqn7OOgb9vVMRMrjUa7RgBYPJbBEY=","t5GJydM7so+K97acxiRI2h44siN2AlN/kvDpZJgSJkY="],"block_size":4096,"path":"crypto-js/ripemd160.js"},{"block_hashes":["/KLVVgrLjedg68lGef8hAFZyKvgZOHHnUXamGpd6ww8="],"block_size":4096,"path":"crypto-js/sha1.js"},{"block_hashes":["VC3cci2XEVlcEdV8qpQkvsqSizVTdHpR4/HFfCwI7BY="],"block_size":4096,"path":"crypto-js/sha224.js"},{"block_hashes":["MI1hf+bZvIrZpyHOa3+XeKgvOc3ElPTB2Yn3Nk7OlF4=","LDgPXTzzXKfqVXFSRBv+8UFSdh4O19A72vIH2wJd16c="],"block_size":4096,"path":"crypto-js/sha256.js"},{"block_hashes":["GxF/ZZV5/0iGJMy5BJlhd68qScAbcGk2m6ReP/qGMBA=","uQNZFRplM+GqYmmOKphS0Vx90dMmgo/7zsyzn6Ihp3Q=","maW6h3UmtNXbBNsLO7zKcDN8wQEtD65htvvXPK084x4="],"block_size":4096,"path":"crypto-js/sha3.js"},{"block_hashes":["jZAiFq72hAu5lREXvdOqYzEHjmjuBJh6odWcc7X/MGY="],"block_size":4096,"path":"crypto-js/sha384.js"},{"block_hashes":["qQsJerOHuPYMaI80cqUbLSEeDr2XKdXcGUS3oU0aWv8=","kvrOZ34Ly+MUk+vd+O+V7GmBcNWhbZrjXyp5KfRFJ04=","DS9a9HdcLt0hK212GWFI8/at9JGMHsCuDzRkOzC3emg=","ZTFkGaD+k1+dmOxdnLoZLbtktdy9gPrLmt4ui4IwvkY="],"block_size":4096,"path":"crypto-js/sha512.js"},{"block_hashes":["h0EGrs0mEOmPJBJbLAud7bR9Wrq752kAv4i2JI7L6Lc=","OELGzIWDi5zlS0aFQ8EBt/fnwzocqGoiTGCzWQ2OmDU=","rpYtKnRARj60pnHMzByqFDyu8Mb926Gqpbx+ZWD4QP4=","OU3olNIRqAn9UX0FZtHBaUimRE1sLLZlMl8jXBUOQeI=","wQ4X+1iRXbpZVibJjXiUOxD9PFDOIq/kZnkX5PMbJHg=","NvoA9LgGbBEb9yfAHgFS3FrgCHnHisxG3ECZ9MvaWLk=","dzTm8+fM/7Oy8Fp4HkJqMfhvEf2UWw5mXkiCuraRxRo="],"block_size":4096,"path":"crypto-js/tripledes.js"},{"block_hashes":["Nbm9D/AGxsPGTvaW+X0ThmgWm54XLm4kw8rRIPMCDa0=","JRk3xwbIUEEeg6C02HMvjc5EUOsIgZlQaURGI1hegFI=","SxmH0FVES4fppGIqpTkrCTr3TaW8SX1sejbaEWkuj0Y="],"block_size":4096,"path":"crypto-js/x64-core.js"},{"block_hashes":["zejKfHU2PZg6igPH+sIbpKwDLVRJ1cDABJ618kByqD4=","gRydYKdqVSY0lKmD8KGl9BEPQSO0zKuHA/uH8AtWrTQ=","+e5UdvfEYJ42fNrExGSkeotKtlTpdFQ6I1TCMyw21JA=","vqGAopQ4bGclfuU8xPgoxE8+Gqk4GimLf9nKdKMOETQ=","VczU3xdVPFRZ1unTBRwXL5FJdPL7S9m5cbtHSgVVIwM=","DERiUzRAO3U3SzRrcjzuFR/0SX5qwil1rWrx2gbuNac=","ZvZU46aVZRSJ0jTAqLk7K68FSGY5sSXgxNbIu0Hu88o=","T+/BYRDCOYCE9Uz4aBO+go1uZbls6T7M6ANYaK9fEB0=","S3kIneW0snx27slkRZfOGBLUQJuJpZdYZJAL0Djhs30=","FIVk4y/A2bQ7Pqw7ufEFfO0K/3tebhDQHgO7hwoyiVk=","7khQorCS6jHwSb1LVc01qtp/WtAdKWgGhgrzrhrgEp4=","9Eau3PsBhXJQS8YK6bHpRZaYbqPG0Q6yuYw6JcNdTJI=","gH3qZhQip2hzugH1vreSyy7d4ODvSrv2pU7U74o5auc=","EAtdW/toTS2HuCSqWI0zQdKUpTmgNRWroW42rTAsYPw=","IZBJK+W9jLek5Jb+Cw2L6iqlUifYqZzL9lQEm7g7LJA=","H6yYrWvAg2pZQMJ+V8zrd1LRrYAIOHAw0Xt7tipKtHo="],"block_size":4096,"path":"icons/BluePrism_480x480.png"}],"version":2}